Topic 0,Topic 1,Topic 2,Topic 3,Topic 4,Topic 5,Topic 6,Topic 7,Topic 8,Topic 9
singlearm,dose,cells,brain,cancer,radical,nonrandomized,cancer,cancer,patients
combining,study,tumor,srs,patients,hysterectomy,pf03446962,breast,study,study
induction,safety,stop,rectal,study,laparoscopic,noncontrolled,effect,sbrt,cancer
blu451,patients,growth,gy,treatment,dosage,pn20,pembrolizumab,prostate,breast
transplantation,phase,treating,day,breast,rhendostatin,investigators,immunotherapy,patients,bevacizumab
stem,advanced,trial,recurrence,chemotherapy,marker,molecular,neoplasm,breast,effective
exploratory,solid,giving,emission,therapy,eb,kidney,yoga,metastatic,population
relapse,cancer,chemotherapy,supplement,survival,insomnia,outcomes,study,purpose,trial
parp,tumors,cancer,factorÎ±,combination,cells,women,patients,investigators,treatment
unresectable,evaluate,radiation,precancers,tumor,ductal,gnc035,women,vs,intervention
